Portfolio Name,Category,Set,Product Name,Card Number,Rarity,Variance,Grade,Card Condition,Average Cost Paid,Quantity,Market Price (As of 2026-08-04),Price Override,Watchlist,Date Added,Notes
Main,One Piece,500 Years In The Future,Sabo (Parallel) (JP),OP07-118,SEC,Foil,Ungraded,Near Mint,0.0000,1,3.8,0,false,2026-05-03,
Main,Pokemon,Destined Rivals,Arven's Mabosstiff ex,139/182,Double Rare,Holofoil,Ungraded,Near Mint,0,1,0.53,0,false,2026-05-02,
Main,Pokemon,Destined Rivals,Ethan's Ho-oh ex,209/182,Ultra Rare,Holofoil,Ungraded,Near Mint,0,1,4.85,0,false,2026-05-02,
Main,Pokemon,Destined Rivals,Team Rocket's Crobat ex,122/182,Double Rare,Holofoil,Ungraded,Near Mint,0.0000,2,0.72,0,false,2026-05-03,
Main,Pokemon,Destined Rivals,Team Rocket's Mewtwo ex,081/182,Double Rare,Holofoil,Ungraded,Near Mint,0.0000,3,1.82,0,false,2026-05-03,
Main,Pokemon,Journey Together,Hop's Wooloo,170/159,Illustration Rare,Holofoil,Ungraded,Near Mint,0.0000,1,4.44,0,false,2026-05-02,
Main,Pokemon,Journey Together,Spiky Energy,190/159,Hyper Rare,Holofoil,Ungraded,Near Mint,0,1,4.23,0,false,2026-05-02,
Main,Pokemon,Journey Together,Volcanion ex,171/159,Ultra Rare,Holofoil,Ungraded,Near Mint,0,1,0.98,0,false,2026-05-02,
Main,Pokemon,Mega Evolution,Mega Latias ex,100/132,Double Rare,Holofoil,Ungraded,Near Mint,0,1,0.59,0,false,2026-05-02,
Main,Pokemon,Mega Evolution,Spearow,151/132,Illustration Rare,Holofoil,Ungraded,Near Mint,0,1,4.67,0,false,2026-05-02,
Main,Pokemon,Mega Evolution Promos,Charcadet,022,Promo,Holofoil,Ungraded,Near Mint,0,2,2.81,0,false,2026-05-02,
Main,Pokemon,Mega Evolution Promos,Tyrunt,070,Promo,Holofoil,Ungraded,Near Mint,0,1,2.88,0,false,2026-05-02,
Main,Pokemon,Nihil Zero,Rowlet,082/080,Art Rare,Holofoil,Ungraded,Near Mint,0.0000,1,3.41,0,false,2026-05-02,
Main,Pokemon,Perfect Order,Clefairy,094/088,Illustration Rare,Holofoil,Ungraded,Near Mint,0,1,22.7,0,false,2026-05-02,
Main,Pokemon,Perfect Order,Drapion,097/088,Illustration Rare,Holofoil,Ungraded,Near Mint,0,1,1.41,0,false,2026-05-02,
Main,Pokemon,Perfect Order,Gengar,050/088,Rare,Holofoil,Ungraded,Near Mint,0,1,0.52,0,false,2026-05-02,
Main,Pokemon,Perfect Order,Lapras ex,022/088,Double Rare,Holofoil,Ungraded,Near Mint,0,1,0.59,0,false,2026-05-02,
Main,Pokemon,Perfect Order,Mega Clefable ex,031/088,Double Rare,Holofoil,Ungraded,Near Mint,0,1,0.55,0,false,2026-05-02,
Main,Pokemon,Perfect Order,Mega Zygarde ex,047/088,Double Rare,Holofoil,Ungraded,Near Mint,0,1,0.53,0,false,2026-05-02,
Main,Pokemon,Perfect Order,Raticate,099/088,Illustration Rare,Holofoil,Ungraded,Near Mint,0,1,2.47,0,false,2026-05-02,
Main,Pokemon,Perfect Order,Salazzle ex,016/088,Double Rare,Holofoil,Ungraded,Near Mint,0,1,0.49,0,false,2026-05-02,
Main,Pokemon,Perfect Order,Spewpa,089/088,Illustration Rare,Holofoil,Ungraded,Near Mint,0,1,1.88,0,false,2026-05-02,
Main,Pokemon,Phantasmal Flames,Dewgong,097/094,Illustration Rare,Holofoil,Ungraded,Near Mint,0,1,5.28,0,false,2026-05-02,
Main,Pokemon,Phantasmal Flames,Empoleon ex,070/094,Double Rare,Holofoil,Ungraded,Near Mint,0,3,0.59,0,false,2026-05-02,
Main,Pokemon,Phantasmal Flames,Firebreather,119/094,Ultra Rare,Holofoil,Ungraded,Near Mint,0,1,0.9,0,false,2026-05-02,
Main,Pokemon,Phantasmal Flames,Flygon,101/094,Illustration Rare,Holofoil,Ungraded,Near Mint,0,1,5.74,0,false,2026-05-02,
Main,Pokemon,Phantasmal Flames,Mega Charizard X ex,013/094,Double Rare,Holofoil,Ungraded,Near Mint,0,1,4.17,0,false,2026-05-02,
Main,Pokemon,Phantasmal Flames,Mega Diancie ex,041/094,Double Rare,Holofoil,Ungraded,Near Mint,0,2,0.71,0,false,2026-05-02,
Main,Pokemon,Phantasmal Flames,Mega Gengar ex,056/094,Double Rare,Holofoil,Ungraded,Near Mint,0,1,2.28,0,false,2026-05-02,
Main,Pokemon,Phantasmal Flames,Mega Heracross ex,004/094,Double Rare,Holofoil,Ungraded,Near Mint,0,1,0.75,0,false,2026-05-02,
Main,Pokemon,Phantasmal Flames,Mismagius ex,036/094,Double Rare,Holofoil,Ungraded,Near Mint,0,1,0.62,0,false,2026-05-02,
Main,Pokemon,Phantasmal Flames,Mismagius ex,112/094,Ultra Rare,Holofoil,Ungraded,Near Mint,0,1,1.79,0,false,2026-05-02,
Main,Pokemon,Phantasmal Flames,Nymble,096/094,Illustration Rare,Holofoil,Ungraded,Near Mint,0,1,1.74,0,false,2026-05-02,
Main,Pokemon,Phantasmal Flames,Oricorio ex,018/094,Double Rare,Holofoil,Ungraded,Near Mint,0,1,0.64,0,false,2026-05-02,
Main,Pokemon,Phantasmal Flames,Piplup,098/094,Illustration Rare,Holofoil,Ungraded,Near Mint,0,1,15.66,0,false,2026-05-02,
Main,Pokemon,Phantasmal Flames,Rotom ex,029/094,Double Rare,Holofoil,Ungraded,Near Mint,0,1,0.51,0,false,2026-05-02,
Main,Pokemon,Phantasmal Flames,Rotom ex,111/094,Ultra Rare,Holofoil,Ungraded,Near Mint,0,1,1.24,0,false,2026-05-02,
Main,Pokemon,Phantasmal Flames,Switch,123/094,Ultra Rare,Holofoil,Ungraded,Near Mint,0,1,1.21,0,false,2026-05-02,
Main,Pokemon,Phantasmal Flames,Toxtricity,103/094,Illustration Rare,Holofoil,Ungraded,Near Mint,0,1,2.07,0,false,2026-05-02,
Main,Pokemon,Phantasmal Flames,Wigglytuff,105/094,Illustration Rare,Holofoil,Ungraded,Near Mint,0,1,6.2,0,false,2026-05-02,
Main,Pokemon,Prismatic Evolutions,Vaporeon ex,023/131,Double Rare,Holofoil,Ungraded,Near Mint,0,1,3.1,0,false,2026-05-02,
Main,Pokemon,Shrouded Fable,Fezandipiti ex,038/064,Double Rare,Holofoil,Ungraded,Near Mint,0,1,2.94,0,false,2026-05-02,
Main,Pokemon,Surging Sparks,Ceruledge ex,036/191,Double Rare,Holofoil,Ungraded,Near Mint,0,1,1.11,0,false,2026-05-02,
Main,Pokemon,Surging Sparks,Hydreigon ex,119/191,Double Rare,Holofoil,Ungraded,Near Mint,0,1,0.79,0,false,2026-05-02,
Main,Pokemon,Surging Sparks,Hydreigon ex,223/191,Ultra Rare,Holofoil,Ungraded,Near Mint,0,1,4.31,0,false,2026-05-02,
Main,Pokemon,Surging Sparks,Precious Trolley,185/191,ACE SPEC Rare,Holofoil,Ungraded,Near Mint,0,1,2.69,0,false,2026-05-02,
Main,Pokemon,Surging Sparks,Scramble Switch,186/191,ACE SPEC Rare,Holofoil,Ungraded,Near Mint,0.0000,1,0.45,0,false,2026-05-03,
Main,Pokemon,Terastal Festival ex,Giacomo (JP),196/187,Super Rare,Holofoil,Ungraded,Near Mint,0,1,4.16,0,false,2026-05-02,
Main,Pokemon,Vivid Voltage,Charizard,025/185,Rare,Normal,Ungraded,Near Mint,0.0000,1,3.54,0,false,2026-05-26,
